aweme_id,cid,reply_id,reply_to_reply_id,text,image_list,digg_count,create_time,user_nickname,user_unique_id,user_avatar,sticker,reply_to_username,ip_label
7636715300976772729,7637140540093989682,7636955510499935027,0,其实我早就回来了，我就想看看都谁在蛐蛐我,,1,1778160349,এ᭄心动便是劫ღ࿐,42449675937,https://p3-pc.douyinpic.com/aweme/100x100/aweme-avatar/tos-cn-i-0813_oUbAA90IL7RBFCIHgMDpYfi7iAAeAAhxnHajAE.jpeg?from=2064092626,,,天津
7636715300976772729,7636997442068988709,7636955510499935027,0,Oh，yes,,0,1778127031,এ᭄拾壹এ᭄,,https://p3-pc.douyinpic.com/aweme/100x100/aweme-avatar/tos-cn-avt-0015_85fea38b4d3bbf834466e1b605ebdbf7.jpeg?from=2064092626,,,江西
7636715300976772729,7636995536009282341,7636955510499935027,0,三秒钟,,0,1778126589,失控键盘,,https://p3-pc.douyinpic.com/aweme/100x100/aweme-avatar/tos-cn-avt-0015_95c0b4a868f32f15610f66ea67133931.jpeg?from=2064092626,,,甘肃
7636715300976772729,7636991210712040230,7636955510499935027,0,今天主播生日[灵机一动],,0,1778125580,小白很奈斯呦,,https://p3-pc.douyinpic.com/aweme/100x100/aweme-avatar/tos-cn-i-0813c001_bb30df7165fc42c29d97f53dbb625ea4.jpeg?from=2064092626,,,陕西
7636715300976772729,7636986090021307193,7636955510499935027,0,这辈子没求过人,,0,1778124389,安悠尘my🦌,ayc4488,https://p3-pc.douyinpic.com/aweme/100x100/aweme-avatar/tos-cn-i-0813c000-ce_okAB2sewiI4ADAThZJgWaFlQQAMAQfAefA8sL1.jpeg?from=2064092626,,,浙江
7636715300976772729,7636972166286967562,7636955510499935027,0,我去趟厕所,,0,1778121148,꧁꫞꯭冠棋꯭꫞꧂,guanqi8888,https://p3-pc.douyinpic.com/aweme/100x100/aweme-avatar/tos-cn-i-0813_oUAlNREgNqAfghIEDI9cKeNsAlzaACAI7AqlRx.jpeg?from=2064092626,,,吉林
7636715300976772729,7636984103032931109,7636955510499935027,7636972166286967562,应该是我去办点事 三秒,,0,1778123928,一粒粒,Rou_rourou,https://p3-pc.douyinpic.com/aweme/100x100/aweme-avatar/tos-cn-avt-0015_9db96d65d0851a8655c03d36a19f7059.jpeg?from=2064092626,,꧁꫞꯭冠棋꯭꫞꧂,山东
7636715300976772729,7636977868631376697,7636955510499935027,0,黑子，叫[看],,0,1778122475,眰怸,2..............7,https://p3-pc.douyinpic.com/aweme/100x100/aweme-avatar/tos-cn-i-0813c000-ce_osHe9wiC0A0Q2DooA11GmQwEBfAdiEAi4CA0cI.jpeg?from=2064092626,,,陕西
7636715300976772729,7636977310440211251,7636955510499935027,0,爆炸弓给我标一下,,0,1778122344,橘皮儿,43141597786,https://p3-pc.douyinpic.com/aweme/100x100/aweme-avatar/tos-cn-avt-0015_803cae7a5f4d3d3a8df0e6cbd91cf930.jpeg?from=2064092626,,,湖南
7636715300976772729,7636976613536072506,7636955510499935027,0,把公屏打在牛逼上[看],,0,1778122183,一条锦鲤游啊游～,WuXin_ZuiYue.75,https://p3-pc.douyinpic.com/aweme/100x100/aweme-avatar/tos-cn-i-0813c000-ce_okNCwpDAAQpAFFvurnfC9U9t3xLoVqA1AEEQfI.jpeg?from=2064092626,,,江西
7636715300976772729,7636958872448123685,7636955510499935027,0,救我～哥,,0,1778118052,Mr陳什麼,,https://p3-pc.douyinpic.com/aweme/100x100/aweme-avatar/mosaic-legacy_1cb0a00050df14dff6384.jpeg?from=2064092626,,,广东
7636715300976772729,7636957599607096104,7636955510499935027,0,给我坐下[酷拽],,0,1778117757,陪伴,R1594643999x,https://p3-pc.douyinpic.com/aweme/100x100/aweme-avatar/mosaic-legacy_316830004aab97186c955.jpeg?from=2064092626,,,浙江
7636715300976772729,7636929051256832795,7636915151971746611,0,美有千千种，自信是通杀,,0,1778111109,小满,,https://p3-pc.douyinpic.com/aweme/100x100/aweme-avatar/mosaic-legacy_88670020fbe1ae9adbfb.jpeg?from=2064092626,,,广东
7636715300976772729,7636924846060421937,7636915151971746611,0,离了美颜没自信了,"['https://p3-sign.douyinpic.com/tos-cn-i-p14lwwcsbr/2b479731f4e84f02972e1d8f1fac826f~tplv-p14lwwcsbr-7.image?lk3s=7b078dd2&x-expires=1778194800&x-signature=GovNeh0MID2IGWCjouzUa80LhU8%3D&from=2064092626&se=false&sc=image&biz_tag=aweme_comment&l=2026050801560384F3E0CD6107BB5B85B8', 'https://p26-sign.douyinpic.com/tos-cn-i-p14lwwcsbr/2b479731f4e84f02972e1d8f1fac826f~tplv-p14lwwcsbr-7.image?lk3s=7b078dd2&x-expires=1778194800&x-signature=u4eQjLrn7w2pXuxLrUDM7zywhAg%3D&from=2064092626&se=false&sc=image&biz_tag=aweme_comment&l=2026050801560384F3E0CD6107BB5B85B8', 'https://p11-sign.douyinpic.com/tos-cn-i-p14lwwcsbr/2b479731f4e84f02972e1d8f1fac826f~tplv-p14lwwcsbr-7.image?lk3s=7b078dd2&x-expires=1778194800&x-signature=EsgML8u8h%2BHxGo%2BA6mhQki0Y3M8%3D&from=2064092626&se=false&sc=image&biz_tag=aweme_comment&l=2026050801560384F3E0CD6107BB5B85B8', 'https://p3-sign.douyinpic.com/tos-cn-i-p14lwwcsbr/2b479731f4e84f02972e1d8f1fac826f~tplv-p14lwwcsbr-7.jpeg?lk3s=7b078dd2&x-expires=1778194800&x-signature=J7LJEbSnZ70N6IYfpeOphXo54KQ%3D&from=2064092626&se=false&sc=image&biz_tag=aweme_comment&l=2026050801560384F3E0CD6107BB5B85B8']",0,1778110130,满澤天,dypk0mwcmm3x,https://p3-pc.douyinpic.com/aweme/100x100/aweme-avatar/tos-cn-i-0813c000-ce_ow43AkqABdaiairP1PMAjAEQ9ICA71UBbRAzv.jpeg?from=2064092626,,,菲律宾
7636715300976772729,7636969973663122235,7636915151971746611,7636924846060421937,也没说的这样,"['https://p11-sign.douyinpic.com/tos-cn-i-p14lwwcsbr/6e5449e495bd4d27bedc37a841e50bbc~tplv-p14lwwcsbr-7.image?lk3s=7b078dd2&x-expires=1778194800&x-signature=Ig%2BSoEzVxjZ0Mugr0%2Bna3Gt%2BnTk%3D&from=2064092626&se=false&sc=image&biz_tag=aweme_comment&l=2026050801560384F3E0CD6107BB5B85B8', 'https://p3-sign.douyinpic.com/tos-cn-i-p14lwwcsbr/6e5449e495bd4d27bedc37a841e50bbc~tplv-p14lwwcsbr-7.image?lk3s=7b078dd2&x-expires=1778194800&x-signature=WHiqBi50h%2BGS8OVsYE6vnQnDpus%3D&from=2064092626&se=false&sc=image&biz_tag=aweme_comment&l=2026050801560384F3E0CD6107BB5B85B8', 'https://p26-sign.douyinpic.com/tos-cn-i-p14lwwcsbr/6e5449e495bd4d27bedc37a841e50bbc~tplv-p14lwwcsbr-7.image?lk3s=7b078dd2&x-expires=1778194800&x-signature=wMP%2F%2FuEdZTWONcNdtsVtpjA%2Bvv4%3D&from=2064092626&se=false&sc=image&biz_tag=aweme_comment&l=2026050801560384F3E0CD6107BB5B85B8', 'https://p11-sign.douyinpic.com/tos-cn-i-p14lwwcsbr/6e5449e495bd4d27bedc37a841e50bbc~tplv-p14lwwcsbr-7.jpeg?lk3s=7b078dd2&x-expires=1778194800&x-signature=nb%2B15N982ss6iRlUHC8t%2BBN7WvE%3D&from=2064092626&se=false&sc=image&biz_tag=aweme_comment&l=2026050801560384F3E0CD6107BB5B85B8']",0,1778120636,中东的哥（绵阳到杭州，独在异乡为异客）,dapang521521,https://p3-pc.douyinpic.com/aweme/100x100/aweme-avatar/tos-cn-i-0813c000-ce_oM8XreAreAIttLHeAG2nyuJA4IT4LDAbBeAQFp.jpeg?from=2064092626,,满澤天,浙江
7636715300976772729,7636932925984490289,7636932876546900793,0,怎么没人[笑哭],,0,1778112011,秋灬,Super66668888hui,https://p3-pc.douyinpic.com/aweme/100x100/aweme-avatar/tos-cn-avt-0015_5283b2048704b725db438f00aaabc45b.jpeg?from=2064092626,,,四川
7636715300976772729,7636936897944224570,7636932876546900793,7636932925984490289,有啊,,0,1778112936,小王,wangfeiwa756,https://p3-pc.douyinpic.com/aweme/100x100/aweme-avatar/tos-cn-avt-0015_8d0dae6c1384503cccd4cdc67a861e9e.jpeg?from=2064092626,,秋灬,浙江
7636715300976772729,7636986992388408107,7636978593641382705,0,你猜是不是因为她玩游戏时候下手黑[酷拽],,3,1778124600,可乐➕橙橙👨‍👩‍👧‍👦,ErinChaoGe,https://p3-pc.douyinpic.com/aweme/100x100/aweme-avatar/tos-cn-i-0813c001_owENAewOTWBASBnAQOQMmq8MgAexAqRfBa0vU7.jpeg?from=2064092626,,,河北
7636715300976772729,7637042764438668081,7636978593641382705,7636986992388408107,我还以为是她早期坑了菜园子呢,,0,1778137585,!,lzhaoh512,https://p3-pc.douyinpic.com/aweme/100x100/aweme-avatar/tos-cn-i-0813_1d96e21b2b9148f19102ab8dc4969257.jpeg?from=2064092626,,可乐➕橙橙👨‍👩‍👧‍👦,广东
7636715300976772729,7637042764777816895,7636978593641382705,7636986992388408107,不是，是才圆圆去的，说她八百个心眼子，心黑,,2,1778137585,是有点蔡⁵¹⁰⁷⁴,,https://p3-pc.douyinpic.com/aweme/100x100/aweme-avatar/tos-cn-i-0813_o0Vp9ADeEACEADq7fAAgI3AFJy3d4Pmrtha9NK.jpeg?from=2064092626,,可乐➕橙橙👨‍👩‍👧‍👦,福建
7636715300976772729,7637138649176621860,7636978593641382705,7637042764777816895,也没毛病,,0,1778159909,可乐➕橙橙👨‍👩‍👧‍👦,ErinChaoGe,https://p3-pc.douyinpic.com/aweme/100x100/aweme-avatar/tos-cn-i-0813c001_owENAewOTWBASBnAQOQMmq8MgAexAqRfBa0vU7.jpeg?from=2064092626,,是有点蔡⁵¹⁰⁷⁴,河北
7636715300976772729,7637141336886395690,7636978593641382705,7637042764438668081,就是赏金赛坑才圆圆啊，不只才圆圆，简直坑遍8008,,1,1778160535,是有点蔡⁵¹⁰⁷⁴,,https://p3-pc.douyinpic.com/aweme/100x100/aweme-avatar/tos-cn-i-0813_o0Vp9ADeEACEADq7fAAgI3AFJy3d4Pmrtha9NK.jpeg?from=2064092626,,!,福建
7636715300976772729,7637511894496756529,7636955510499935027,0,空军雅,,0,1778246811,明  天  过   后,35345621885,https://p3-pc.douyinpic.com/aweme/100x100/aweme-avatar/tos-cn-i-0813c000-ce_oMDRAeHJQE06UIEfJf9TAJ2ENZXaKwtLAiAAFn.jpeg?from=2064092626,,,广东
7636715300976772729,7637870622748132123,7636955510499935027,0,卵砸,,0,1778330334,零一①,52077888xy,https://p3-pc.douyinpic.com/aweme/100x100/aweme-avatar/tos-cn-i-0813c000-ce_oQCmAsu8TFDAPArAEpEDk2foIAcFwNpZEoynf9.jpeg?from=2064092626,,,浙江
7636715300976772729,7638804401490985766,7636955510499935027,0,张嘴,,0,1778547747,蜀道山🇨🇳™♊💧💧,zjlk2008,https://p3-pc.douyinpic.com/aweme/100x100/aweme-avatar/tos-cn-i-0813c001_o4eRSADDoCBvpHXFEAAgbAEiAA1mfJ3gh9IHA9.jpeg?from=2064092626,,,安徽
7636715300976772729,7641959953142874937,7636955510499935027,0,我嘞个豆,,0,1779282456,꧓꯭打ღ᭄工᭨ᮩ໊人࿐,wang.1988liang,https://p3-pc.douyinpic.com/aweme/100x100/aweme-avatar/tos-cn-i-0813c000-ce_oU2AEvfDnIuh9MpA2eOmH5KPJCaAiEmAFAAtQw.jpeg?from=2064092626,,,山西
